disease,MAE (%),RMSE (%)
brown_rust,0.31261384171404083,0.644955707588877
ramularia,0.5195270216102256,0.6369234505481361
